,R46G,G309S,S481Y,A583T,S25P,K102E,Q380K,G424D,W296A
ALD3,-2.397406991,0.348264741,0.321414709,-0.671415823,-1.237257487,-1.68952616,-0.830853887,-1.062230363,-6.09541533
DAK2,-0.357764704,-0.42711999,0.546054671,0.579856592,-1.172301836,-0.49320868,0.329320933,0.291686649,-5.587576507
CTT1,-2.302032353,0.129711311,-0.227034124,-0.929086162,-1.449067611,-1.411834081,-1.247442915,-1.061493814,-5.050485474
SRX1,-0.832615072,-1.474606455,-0.975409916,-0.923478396,-0.688035399,-0.545747953,-1.267958605,-0.83916554,-4.936381419
TKL2,-1.066508414,0.061815739,-0.149231856,-0.282653054,-0.609544133,-0.658711425,0.423018022,-0.308421193,-4.731803153
RIM15,0.740543191,-1.555225841,-0.886501314,-1.105644835,-2.002984008,-1.186780125,-0.223032534,-0.266638716,-4.612401362
HBT1,-2.510742706,0.208974731,-0.478040965,-1.366632083,-1.853384023,-1.708191828,-0.759859282,-1.051630476,-4.551073194
POF1,-4.820767102,-0.320141305,-3.640838798,-5.045533964,-2.145472525,-3.409108649,-3.425617154,-4.07358829,-4.539236589
TFS1,-0.865374201,1.169224785,0.754201039,-0.501623924,-0.7323728,-0.651185737,-1.00948301,-0.425274669,-4.233470328
HSP12,-1.658447527,0.486266352,0.722015902,-0.993305756,-0.897190233,-0.576952684,-1.373048224,-0.375831227,-3.96575967
CRG1,-0.20183834,-1.474019164,-1.637716163,-0.900765506,-0.100107886,0.28920861,-0.635006554,-0.405491617,-3.927646638
RPP2B,-1.126852543,-3.877751777,-2.2859156,-2.69581207,0.270823727,-1.316146298,-2.644959334,-1.179608365,-3.78701486
SOL4,-1.388191719,1.243405275,0.669490444,-0.778368612,-1.12890135,-0.778511175,-1.351904168,-0.582986315,-3.767306046
TMA10,-1.168342875,-1.207574597,0.135393411,-0.441460701,-1.862013574,-0.668528968,-0.82727246,-0.343215968,-3.747977014
GSY2,-0.592446318,0.290418399,0.291374304,-0.572176813,-0.353359892,-0.092952883,-0.71522067,-0.174589141,-3.667094551
ANB1,-3.391597162,-3.559438387,-2.221682859,-3.821967689,-3.276831117,-4.067921034,-4.723992391,-3.379273105,-3.625436238
SDS3,-0.836317756,1.00917206,0.705219776,-0.720628508,-1.330475847,-0.551610869,-0.466601712,-0.742124473,-3.547991043
DSF1,-0.390464308,-1.62445888,-0.76289568,-0.714078563,0.100537691,0.261593338,-0.317654764,0.042182906,-3.522154422
YNR073C,-0.390464308,-1.62445888,-0.76289568,-0.714078563,0.100537691,0.261593338,-0.317654764,0.042182906,-3.522154422
GPG1,-0.515946277,0.19433714,-0.725557988,-0.116330253,-1.576792855,-0.453110349,-1.072208466,-0.311345341,-3.500555639
GOR1,-1.375189146,-0.551267351,-0.150185583,-0.938375921,-0.921721468,-0.513438116,-0.677075715,-0.388434217,-3.494234566
ALD2,-1.509771706,-1.499366896,-0.989081332,-1.002041592,-0.751676013,-0.703847664,-0.975474604,-0.394831789,-3.451396699
GND2,-0.871724265,-1.147699631,-1.086113169,-1.267777233,-0.502883397,-0.625867228,-0.775232945,-1.250925105,-3.441661791
INO1,-1.196683496,-3.09847091,-3.27492687,-0.789210226,-1.306681616,-0.733091912,0.059674486,-0.280903153,-3.438537114
POT1,-0.051044159,-0.18920775,-0.491779496,-1.001521921,-0.274960292,-0.057763697,0.12628014,-0.165379197,-3.421653544
CWP1,0.206621101,-0.548616715,-0.778701953,-0.194226024,0.645540576,1.408978238,-0.317452896,0.124922046,-3.287421574
GCY1,-1.00049256,0.14740696,0.622237517,-0.671554316,-1.008542227,-0.563931481,-0.994426078,-0.593236558,-3.283618549
GSY1,-0.868652612,0.198720479,1.326482895,-0.791621026,-1.131895216,-0.673830247,0.205981998,-0.503924638,-3.237621608
YDL218W,-0.460693479,-1.340057249,-1.205208555,-0.00380933,0.020424257,0.07726203,-0.434779445,0.367680875,-3.189775777
YNR066C,0.321006129,-1.878558306,-1.317478476,-0.097505206,-0.166049981,0.906660429,0.072744685,0.286194774,-3.161932436
YNR065C,0.036455686,-1.551435348,-1.23130531,0.043494449,-0.030125432,0.069469631,-0.319322253,-0.033390894,-3.150681955
HSP32,-0.013592477,-0.330298269,0.220521244,-0.338151491,-0.352202194,-0.134287933,-1.245873875,-0.571841546,-3.131208194
HSP33,-0.013592477,-0.330298269,0.220521244,-0.338151491,-0.352202194,-0.134287933,-1.245873875,-0.571841546,-3.131208194
SNO4,-0.013592477,-0.330298269,0.220521244,-0.338151491,-0.352202194,-0.134287933,-1.245873875,-0.571841546,-3.131208194
RTN2,-0.968281829,-0.632604895,-0.278760638,-0.616161929,-0.195451103,-0.036667075,-0.370033442,0.110812832,-3.107084358
GAD1,-1.662881892,1.16205494,0.994686428,-1.04585506,-1.345267479,-0.985530765,-0.909381011,-0.684502202,-3.049097385
OM45,-0.869155526,-0.376462431,-0.124693947,-0.461938813,-0.471618266,-0.337904979,-0.895839813,0.002582038,-3.022928081
YNL115C,-1.115661159,0.211191935,0.419399313,-1.223350905,-0.359139714,-0.393555429,-1.046251272,-0.321275257,-2.981720304
FBP26,0.720847703,0.468714975,0.01052964,0.478965818,0.107649113,0.009575117,-0.712340582,-0.002591132,-2.94298356
DCS1,-0.562158252,0.257891456,0.370140523,-0.368056276,-0.253438233,-0.168783128,-0.828048263,-0.280918457,-2.918606587
ALD4,-0.600533485,0.364588811,0.236652454,-0.574189801,-0.055172363,0.269616241,-0.097265405,-0.425815372,-2.91156798
RTC3,-1.647454983,0.386528607,1.142618479,-1.040269049,-0.776208687,-0.453342035,-0.954749559,-0.121533607,-2.863543525
TSL1,-1.050354315,0.803893166,1.090686872,-0.450376622,-0.21018265,-0.124218855,-0.901651246,-0.078208998,-2.843082743
MDH2,-0.835477398,-0.36958397,-0.417899947,-0.194968336,-0.637574427,-0.096130012,-0.277672261,0.075294492,-2.796703905
SMK1,1.340855739,1.466339053,-0.694851164,0.658774543,-0.586733051,1.201964824,0.330525413,-0.041440636,-2.748708046
POM33,-0.322492771,-0.234399879,-0.297759416,-0.592638016,-0.346454823,0.033682252,-0.399286996,-0.397535761,-2.730053365
TMA17,-1.281600398,-0.403691475,0.231438831,-0.617409552,-0.622097249,0.015661642,-0.891776916,-0.099279924,-2.706665949
YJR149W,-1.464172329,-2.151456325,-2.0043946,-1.660265572,-0.028067623,-1.478183555,-2.119930956,-1.226665276,-2.622810183
YER079W,-1.784568099,-0.119953368,-0.72746327,-1.811186142,-1.697226024,-1.561152269,-1.857440941,-0.222088738,-2.614202273
GLC3,-1.396613347,0.466619864,0.453967678,-0.880298842,-0.932974787,-0.575241377,-0.834655299,-0.398757244,-2.596123051
PNC1,-1.303918888,-0.474504774,-0.078340197,-0.991330888,-0.725621854,-0.320043996,-0.648455146,-0.394233612,-2.55237829
GLK1,-0.774372752,0.54422586,0.664120074,-0.335747954,-0.033681686,-0.060001831,-1.033156892,-0.161144371,-2.529371937
PEX30,-0.961024271,-1.21938256,-1.035914904,-0.953110242,-0.648535169,-0.355720872,-0.97639277,-0.104342034,-2.492244746
DCS2,-0.657803831,1.009571814,0.99331445,-0.073556387,-0.547651314,-0.294273762,-0.855943028,-0.100370107,-2.472438871
LCB5,-0.38478119,-0.724647167,-0.322657907,-0.470192926,-1.13304388,-0.154123736,-0.481338585,-0.578660216,-2.462311227
CYC7,-1.104747691,-0.721331479,-0.055656399,-0.896058231,-1.069373946,-0.53091885,-1.738529249,-0.535652339,-2.452823598
MET13,-0.627494589,-1.706543521,-1.563331489,-0.899740732,-0.453544613,-0.217813138,0.238168039,-0.460102186,-2.396311788
HSP150,0.469602565,-0.490575249,-0.041914026,-1.166714658,-0.749035881,-0.130842132,0.242813664,0.52819975,-2.393276429
YLR177W,-1.001944946,-0.19496979,-0.147032681,-1.046374828,-0.775601266,-0.741267335,-0.205024787,-0.409453936,-2.39083299
NQM1,-0.639395799,0.432613368,0.201071275,0.02965503,-0.538440817,-0.536740853,-0.488550353,-0.110877174,-2.387098286
BDH2,-1.075561058,0.05701153,-0.089138455,-1.016257304,-0.885686177,-0.84571515,-1.698791672,-0.210339591,-2.383454207
HXK1,-1.151426006,0.141327383,0.075254625,-0.734627907,-0.052163865,-0.03890974,-1.151050807,-0.300015365,-2.332936727
PRB1,-0.600348341,-0.638861681,-0.252439765,-0.435181713,-0.268654377,-0.044289909,-0.611234411,-0.160958188,-2.314986005
GPH1,-1.247562404,0.433192472,0.459173497,-0.881049944,-0.709886675,-0.2421247,-0.634110624,-0.192832298,-2.305203961
YLR345W,-0.209766279,0.119447955,0.003585007,-0.004957052,-0.0520166,0.033342344,-0.606744234,0.089113607,-2.301244313
YJR008W,-0.903909475,0.004167572,0.053201136,-0.346066816,-0.393234926,-0.275375187,-0.459107388,0.041640356,-2.2849377
YET3,-0.554101796,-0.199262153,0.327041216,-0.22886924,0.193012966,0.045053578,-0.622296546,0.013220119,-2.282680401
YGR127W,-0.814309642,-1.265929076,0.027468012,-1.005051397,-0.533331975,-0.931068047,-1.252497257,-0.532714135,-2.275281257
YET1,-0.454180472,-0.383708466,-0.160962159,-0.265589962,-0.08422574,0.146314716,-0.542251606,-0.200484081,-2.263720941
SDH2,-1.771186168,-0.837019394,0.250654402,-1.332163656,-0.991284402,-1.166881466,0.486954468,-0.50730601,-2.25820033
HSP42,-1.44137501,-0.596681448,-0.800804217,-1.104025067,-1.1042995,-0.434829719,-1.004231227,-0.658615122,-2.258003251
FMP46,-0.947388368,-0.798986785,-0.128785864,-0.260408471,-1.058209415,-0.198587922,-1.213285692,-0.018006682,-2.223147678
TPS1,-0.908331532,0.30158759,0.407316106,-0.306831464,-0.320805869,-0.226349051,-0.755715245,-0.148690645,-2.2106897
GFA1,0.132187842,-0.13404926,-0.424298128,-0.043828167,0.262140877,0.21660137,-0.06371767,-0.086140065,-2.201514892
GTT1,-1.307597366,-0.91227035,-0.301524467,-0.851174919,-1.178889868,-0.357683642,-1.380171365,-1.071999268,-2.195213766
AMS1,-1.066891136,-0.501408943,-0.121400225,-0.598314171,-1.176203802,-0.505988755,-1.300343084,-0.138487503,-2.194571368
MSC1,-0.733605453,0.165572386,0.415054595,-0.1946999,-0.431229099,0.394847549,-0.123919636,0.416128743,-2.192728515
PRX1,-0.655621417,-0.161463641,0.022660107,-0.391550124,-0.467751252,-0.297541938,-0.36320824,-0.334109378,-2.191264525
YLR257W,-1.063892983,-0.943025216,-0.399728547,-0.796957922,-0.729612772,-0.43159479,-0.316302312,0.040449323,-2.17960409
TMT1,-0.982917395,-2.897183685,-1.967188944,-0.878627196,-1.394936314,-0.747342674,-0.51432502,-0.437208835,-2.166626001
YMR196W,-0.989449585,0.308051338,0.319705092,-0.577458124,-0.565676711,-0.365174743,-0.489812791,-0.279374389,-2.159739648
SSA3,-0.547770076,-0.494685327,-0.285613302,-0.284811261,-0.626690669,-0.34975532,-0.404180884,-0.188503507,-2.155617088
TSA2,-1.103426414,0.053212252,0.503738389,-0.159332629,-1.056045905,-0.90168731,0.451058623,-0.487482513,-2.147770237
ECM38,-0.941125502,-1.927324425,-1.245093135,-0.820017151,-0.570347349,-0.605040537,-1.376615001,-0.55146089,-2.147411626
CYB2,-2.036582199,-0.061525261,-0.031284564,-1.644731051,-1.745788045,-1.143453787,-1.726647517,-0.827735187,-2.145249975
AIM17,-0.740866604,-0.256446327,-0.111045215,-0.452029295,-0.494047804,-0.520288354,-0.8455474,-0.102342719,-2.137062048
SLT2,1.191895888,0.247437629,-0.135952978,0.617393907,-0.073360808,0.051058558,-0.235399262,0.267108435,-2.130180839
EHT1,-0.944299752,-0.593700238,-1.164907488,-0.616539974,-1.284462811,-1.003235823,-1.419551001,-0.702725437,-2.127717959
YHR138C,-1.423188418,-0.54207738,-0.244069049,-0.782065189,-0.783061896,-0.400209217,-1.170016412,-0.365811011,-2.125731534
GRE3,-0.964105012,-0.256081001,-0.034868158,-0.630399728,-0.500376993,-0.305056599,-0.79883823,-0.209968405,-2.122521973
CAT2,0.271276143,0.181224944,0.877844423,0.805140595,0.637802492,0.059138471,-0.327596447,-0.485313471,-2.120333819
ETR1,-0.791748374,-0.476927391,-0.156793324,-0.514422877,-0.74723717,-0.322674477,-0.578599269,-0.318130029,-2.094247953
PET10,-0.578976863,0.086733211,0.133509616,-0.562098332,-1.018341874,-0.413323927,-0.778799847,-0.268980748,-2.089014262
ALT1,-0.391432585,-1.448012113,-0.962969389,-0.434645777,-0.652118225,-0.410449231,0.185082993,-0.198308746,-2.085481967
SAF1,0.41884496,-0.140181531,0.040919246,-0.232809624,-0.16931498,0.341740807,-0.36338683,-0.672414185,-2.076959581
MIC10,-1.672823303,-0.375458678,0.640451154,-1.249648594,-1.085357397,-0.506615003,-0.174043066,-0.371143929,-2.048820878
HSP104,-1.137950914,-0.683275013,-0.540583722,-1.080295285,-1.169760361,-0.950132747,-0.574228455,-0.498207185,-2.048810188
YDL124W,-0.808860037,0.175383006,0.553957877,-0.488418883,-0.108057904,0.187136936,-0.573730523,-0.177738444,-2.041155807
DCN1,-0.622245516,0.28819755,-0.74485695,-0.917015985,0.022924532,0.859240127,-0.267887404,-0.217447798,-2.00944834
SLM5,1.091773089,-0.344459223,-0.383979796,1.024927009,0.222564101,-0.335449507,-0.999879668,-0.206726,-2.006756652
YLR225C,-0.095702065,-0.784335769,-0.620003557,-0.085305784,-0.112368517,-0.120588288,-0.357340521,0.139453524,-2.005586796
EXG1,0.181935028,0.371697393,0.049835364,0.238319609,0.856182609,0.627124707,-0.15206257,0.10536154,-1.997395494
HXT6,-0.80988359,-0.126875979,-0.263753809,-0.652799707,-0.204318199,0.182288273,0.367479447,-0.293861998,-1.982790484
HXT7,-0.80988359,-0.126875979,-0.263753809,-0.652799707,-0.204318199,0.182288273,0.367479447,-0.293861998,-1.982790484
GDH2,-0.730393645,-1.111374021,-0.367389721,-1.103709234,-1.116962771,-0.681284118,-1.448629955,-1.413138122,-1.982731442
YIL108W,0.298820047,-0.524442288,-0.38821264,-0.013729125,-0.030649405,0.128585599,-0.314989373,-0.050090015,-1.981011926
BDF1,-1.148118275,-1.423063798,-1.501799144,-0.937801279,-1.844310571,-0.534174043,-1.503994087,-0.417691618,-1.97814962
ARA1,-0.758596527,-0.009631912,0.211342577,-0.422001543,-0.526255536,-0.279908926,-0.617607294,-0.170881461,-1.965548903
XKS1,-1.074417916,-1.112502949,-0.412678656,-1.021274896,-0.895981845,-0.408597151,-1.067042625,-0.471645766,-1.95995413
GPD1,-0.729747477,0.412296999,0.683876244,-0.322194776,-0.163572025,0.054690561,-0.417050564,0.164550062,-1.939075445
ARA2,-0.700855247,-0.708091415,-0.11510396,-0.804428396,-0.493188597,0.017084885,-0.31498472,-0.310343481,-1.936645675
CWC2,-1.27408496,-1.455931523,-1.3591261,-1.388904784,-0.884886046,-1.472190171,-1.065819905,-1.522031591,-1.932373686
HIS3,-0.30084182,-0.663802332,-0.452226689,-0.461765534,1.301236462,0.368672418,0.967832013,0.022609205,-1.931118892
ACF2,0.07130376,-0.821648457,-0.662370975,-0.018697352,-0.496046557,0.048713844,-0.362633844,0.190771229,-1.919266342
YKL151C,-0.480523384,0.967114164,0.632425649,0.024921431,-0.353618512,-0.379537086,-1.007003721,-0.245718377,-1.918068463
GDB1,-1.104592534,0.921275199,0.891450148,-0.506988256,-0.681394198,-0.321451557,-0.928778309,-0.047265882,-1.91465657
CDD1,-0.486754243,-1.1487538,-1.069223841,-0.30600642,-0.77279008,-0.533023992,-0.434426971,-0.128670893,-1.903663855
PCK1,0.907471131,0.142375146,0.36221609,0.24393637,0.821822382,0.301902067,-0.67126336,0.164793571,-1.898872845
TDA1,0.057559469,0.520199711,0.366704887,-0.332836988,1.092820098,0.232377918,-0.524284853,0.248082861,-1.893098269
GCN3,-0.294543214,0.014238639,0.18836728,0.29359719,-0.296591729,-0.471170057,0.139838773,-0.069288842,-1.887088251
UGA1,-0.71848867,-0.699476221,-0.152721172,-0.132256679,-0.62746223,-0.249648479,-1.299209535,0.019605618,-1.885262318
COF1,-0.159803706,-0.295999517,-0.395020312,-0.223235254,0.120689218,0.082485359,-0.398377836,-0.245278113,-1.87634366
YLL058W,0.550177265,-0.028942203,0.286296733,0.111028817,0.210123424,0.090370915,-0.109135078,0.069111506,-1.874366786
PHO81,-1.455418223,-0.962153583,-3.507745993,-2.961761256,-0.535890767,-2.559250653,-3.724751106,-2.850810372,-1.871711016
SDH6,-1.802708657,-1.506723513,-0.543063804,-1.494974874,-1.291872344,-0.967395301,2.232284084,-1.078451524,-1.864349552
ACO1,-0.230278248,0.086500621,0.24058622,-0.105202734,0.068427482,0.066126691,-1.546183366,-0.041073834,-1.844097173
PBI2,-1.636169597,-0.397965293,0.177897584,-1.477801393,-0.294550007,-0.052974383,-0.24111535,-0.580768601,-1.843865983
PFK26,-0.208361406,0.000183779,0.06165437,-0.07526054,0.393216172,0.90722884,-0.92821033,0.243747051,-1.834028115
RTN1,0.036988932,-1.350338801,-1.389829266,-1.535619081,0.200897137,0.131196227,-0.03070106,-1.502052343,-1.819724878
FRA1,-0.16091508,0.086492853,-0.309244974,0.155982822,-0.112808764,-0.179231222,-0.157464294,-0.130630874,-1.819173315
ECM30,0.034076183,0.239714227,-0.508416176,-0.661484044,-0.731825875,-0.141595768,-0.870700755,-0.689020337,-1.817366995
ADE16,-0.203970264,-0.042832981,0.004537173,0.043192711,-0.146037629,-0.094977706,-0.156923718,0.06501119,-1.810899271
ATG23,-0.243700313,-0.510225294,-0.220924348,-0.218786655,-0.278330843,-0.348082696,0.128670187,-0.304606153,-1.80721619
PNP1,-0.16100306,-0.467335181,-0.357875727,-0.153700613,-0.166644827,-0.112744649,-0.264086859,-0.216877604,-1.80642165
IDP2,-0.490252298,-1.416863934,-0.874465535,-0.762643338,-0.532954758,-0.084115499,0.236474251,-0.145113107,-1.798720837
CIT1,-0.719286161,0.152494561,0.487336238,-0.613219271,-0.201273452,0.136391915,0.1795247,-0.095442793,-1.78784829
SDH7,-0.364548753,-0.907804757,-0.775008061,-0.684685065,-1.07326764,1.155165582,-2.104955811,0.253510774,-1.778984218
ENT2,-0.365416231,-0.305082362,-0.381594922,-0.29519718,-0.49522709,-0.276821604,-0.289303691,-0.193340375,-1.771851894
BGL2,-0.081101894,-0.653031399,-0.288042419,-0.0118766,0.078117599,0.307795873,-0.492284945,0.082033409,-1.75907195
UGA2,-1.005388802,-0.612531924,-0.401362319,-0.396430619,-0.707153514,-0.418759157,-1.458731505,-0.101919348,-1.741003731
ATP10,-0.268774918,0.32826607,0.118933654,-0.036699215,-0.226476322,-0.243505247,-0.098449403,0.149482714,-1.739239188
THI6,-0.287732154,-1.186236935,-0.87579164,-0.3942067,-0.170839907,-0.241278807,-0.552693709,-0.322618936,-1.734421686
GPM2,-0.658288825,-0.199670134,-0.023797853,-0.233259644,-0.481976566,-0.238411832,-0.914139904,-0.27259025,-1.729849157
TAL1,-0.370968707,-0.188641972,0.0839305,-0.166041758,-0.07395512,0.155700843,-0.38316252,0.150829985,-1.729548067
ILV5,0.016826555,-0.184819052,0.074059013,0.14125623,-0.106011432,0.021700414,0.022559541,0.119381307,-1.721755557
GGA1,-0.506751241,-0.099612919,0.150402675,-0.332808136,-0.571988133,-0.024098295,-0.654907873,-0.137113187,-1.702469144
IVY1,-0.566798806,-0.627436392,-0.642546323,-1.158231442,-0.42982175,0.059153954,-0.467457082,-0.999014606,-1.702416186
AYR1,-0.626126885,-0.096582571,0.04731439,-0.321348169,-0.495990683,-0.108356274,-0.38583376,-0.06196316,-1.696471204
ACS2,0.004220398,-0.099766945,-0.124157597,-0.20462684,0.086161898,0.076088159,-0.202149514,-0.131575551,-1.69439779
FAA1,-0.403160772,-0.21739396,-0.447891443,-0.434362164,-0.321309613,-0.211226355,-0.601472561,-0.307741222,-1.692623425
ERG27,-0.117865632,-0.247439318,-0.095723412,-0.406313199,-0.25801177,0.049142475,-0.054582347,-0.116867562,-1.690547653
YMR315W,-0.210786538,-0.010999438,-0.254508441,-0.166508096,0.156187005,0.13914663,-0.572351645,0.06824525,-1.689815794
LOT6,0.300505018,-0.638781187,-0.251507586,0.436413076,0.242399855,0.109609241,-0.21721804,0.01224941,-1.67991301
VRP1,0.337969199,0.033641447,0.229392058,1.537510305,0.171845117,0.477653791,0.805008129,-0.165631217,-1.670828429
ATP20,-1.14801248,0.788305018,0.737986925,-0.743585187,-0.209564853,-0.156828615,3.12469459,-0.413682278,-1.659145499
COX13,-1.02927352,0.41374604,0.175250829,-0.926485636,-0.341375085,-0.238467224,2.925555084,-0.545890244,-1.649174424
NAB6,0.649462958,-0.481090731,-0.570407096,-0.587905475,-1.064497747,0.079713094,0.195368148,0.327664381,-1.649117469
CMK1,-0.871529809,-0.173835679,-0.029264868,-0.638925006,-0.356664436,-0.017050987,-0.505279246,-0.248202187,-1.628500535
TPS2,-0.389097892,0.550287675,0.425418877,-0.122902161,0.039872906,-0.023726488,-0.314299433,-0.060016205,-1.628096699
MCR1,-1.014780414,-0.04709869,0.252275443,-0.816217119,-0.78148393,-0.416322971,-0.453136259,-0.36786206,-1.621977625
YJR096W,-0.019053344,0.386893771,0.25273696,-0.155447118,-0.324317277,-0.362058275,-0.089739197,-0.314357604,-1.620972903
MDH1,-0.785326118,0.189954307,0.290333055,-0.571078779,-0.198684421,-0.067597674,0.146574235,-0.193193901,-1.617277417
PST2,-0.691632756,-0.099321827,0.108546397,-0.34752511,-0.14397483,-0.050844368,-0.492834716,-0.185671688,-1.606770646
YPT6,-0.010485757,-0.380548652,-0.172665526,0.00633772,-0.137572993,0.108197682,-0.153351479,0.042036352,-1.59694107
RCN2,-0.438566797,0.19362771,0.130730046,-0.331165559,-0.432823262,-0.141438244,-0.442553587,-0.138928189,-1.593965371
STR2,0.172995101,-1.401353613,-0.519422966,0.143269664,-0.629100545,0.149467243,0.210035941,0.36304342,-1.589973044
RDL1,-0.660337136,-0.256590813,0.05344193,-0.304916052,-0.290800812,-0.181387826,-0.82780071,-0.068308382,-1.571270224
ARG4,-0.529173743,-2.013469454,-1.164724202,-0.475625035,-0.74963693,-0.124144453,0.213989045,-0.07027961,-1.568416155
BNA5,-0.825945855,-0.316337668,0.255283789,-0.438742228,-0.06595866,0.137925076,-1.349624857,0.052044614,-1.554748191
AHP1,-0.970452804,-0.972833097,-0.214810033,-0.902968382,-0.324244762,0.668261953,-0.542722444,-0.224297126,-1.552296606
DPS1,-0.046081969,-0.389868577,-0.226987605,-0.06666666,-0.218360949,-0.068188666,-0.087008106,-0.014697564,-1.548377196
IGD1,-1.258818826,-0.923815131,0.903509225,-0.486621786,-0.764620742,0.174965106,-0.735218209,-0.001033221,-1.547738567
OM14,-0.299236434,0.056801298,0.237673296,-0.356874849,-0.244814196,0.474209845,-0.262990653,0.543631563,-1.541202856
ATP4,-1.323647734,0.012460922,0.07366755,-0.923638839,-0.723682492,-0.59135333,0.582554512,-0.510111704,-1.539445045
SSA4,-1.96295575,-1.727840951,-1.493353398,-1.942162823,-1.453130294,-1.381873302,-0.422442697,-0.969175624,-1.539441053
ADD37,0.302910835,-0.178754651,-0.446786132,0.172182511,0.167355099,0.780727264,-0.118976178,-0.084390408,-1.535067227
INH1,-1.953447038,0.096625632,0.873981984,-1.636702205,-0.297438867,0.054445255,1.932213551,-0.050036025,-1.53142832
NDI1,-0.49892861,-0.015681861,0.534547289,-0.279502626,0.082655917,0.39980208,-0.211853369,0.001678291,-1.529263659
YDR248C,-0.460048914,-2.30592414,-1.737472075,-1.61986831,-0.03472656,-0.202530354,-0.461292112,-1.131197599,-1.525070743
QCR2,-0.262325377,0.317500979,0.14855647,0.12888858,-0.326567252,-0.119742054,-0.9640733,0.019166082,-1.522677823
YNL200C,-0.927695462,0.49422049,0.239049245,-0.331336973,-0.611167177,-0.668227743,-0.815450963,-0.304661851,-1.51832677
SHM2,0.600094428,-0.753624847,-0.44499932,0.395730995,0.181555104,0.372728357,-0.083987321,0.216462976,-1.508776202
MXR2,-0.734056339,-1.26487753,-1.124842221,-0.908851096,-0.757846004,-0.543698605,-1.15147133,-0.7978662,-1.500762457
FMN1,-0.544248932,-2.418494943,-1.3126287,-1.613961975,-0.583123056,-0.356577521,-0.203475885,-0.947157355,-1.493356232
SIW14,-0.923686086,-0.938304339,-0.723154404,-0.795495798,-0.68329934,-1.806582084,-1.094245515,-0.660066207,-1.483693472
HSP78,-1.065682863,-1.643377691,-1.502418482,-1.913578344,-1.172269046,-0.901420915,-0.823282152,-1.339640564,-1.471923699
KTR4,-1.606514321,-0.729149254,0.22245551,-0.885129325,-2.175855261,-1.58617068,-1.839751373,-1.441075995,-1.442467971
SNZ2,-1.918808351,-1.905385771,-0.3548746,-1.460405356,-1.981423687,-1.812294323,-0.383375406,0.150465656,-1.392614485
SNZ3,-1.918808351,-1.905385771,-0.3548746,-1.460405356,-1.981423687,-1.812294323,-0.383375406,0.150465656,-1.392614485
GIP2,1.352750816,1.664852839,1.074499513,0.87037153,1.253729927,1.156466597,1.178106809,0.953376652,-1.382596522
AMD2,-0.757898963,-2.908229416,-2.282779338,-0.537448862,0.085542065,-0.743130404,-0.478482056,0.011031033,-1.338778168
PDC6,-2.044469324,-2.651295076,-1.299944918,-2.265902264,-1.645469183,-2.507271721,-1.582038859,-1.758288342,-1.272962764
VID22,1.787514585,0.375901006,0.541767764,-0.088733367,-0.833443604,-0.252167751,0.057640467,-0.364731229,-1.267181241
LYS1,-0.689299247,-2.316141218,-1.633924343,-0.674397506,-1.235636537,-0.607920993,-0.747371996,-0.395160879,-1.259603532
COX2,-0.878004957,1.243829568,1.889391708,-0.217354434,-0.035096872,1.336614313,3.995416831,1.096741628,-1.254199895
FMP40,-0.547949113,1.839959653,0.138510868,0.150318603,-0.471402378,-0.404325843,-1.741715446,-0.333469595,-1.222458791
HIS5,-0.150070355,-1.782737512,-1.275517281,-0.187267794,-0.727030445,-0.254482775,-0.35334916,-0.103690197,-1.19881483
ATP17,-1.009750686,0.592492282,0.777979165,-0.497875404,-0.293296641,-0.045929021,3.227470278,-0.100201435,-1.150812534
ADK1,-0.233597689,-1.584934941,-1.106403733,-1.015820539,0.054032058,0.080619134,-0.266103205,-0.877297434,-1.140067048
BUD6,-0.050220093,0.713754054,1.939688196,1.655311076,0.325127678,2.42723363,1.144132766,1.022230643,-1.095573357
ACS1,1.226937928,1.524454736,0.419340843,0.687496676,1.113414338,1.007557468,0.596604237,0.696528733,-1.072043816
POS5,-0.181956317,-0.384384867,-0.067767877,-0.372656623,-0.300746219,0.095524956,1.555098253,-0.244974791,-1.049393955
RIB5,-0.320533655,-1.779999944,-1.16897523,-0.484780355,-0.729753314,-0.147955712,-0.092740151,-0.009634017,-1.038869632
BUD16,-0.191282003,-1.359937906,-1.646330307,-1.30938273,0.34315439,-1.127205191,-0.755896842,-0.653864134,-1.012908264
SOD1,-0.751528845,-0.348838191,1.807548476,-0.667946791,-0.208281417,-0.208159823,-0.613486755,-0.189920343,-0.985678349
ODC2,-1.050780531,-1.785523097,-0.275016322,-1.166332571,-0.809324938,-0.353320346,1.05800241,-1.391498878,-0.975475408
ARG7,-0.266433471,-1.523221255,-1.150408064,-0.36699546,-0.327068994,0.153030489,0.468281638,-0.168349856,-0.951728757
YNR034W-A,-0.496852766,2.156374626,1.06227614,-0.027667765,-0.180480611,-0.139442601,-0.524661498,-0.405377319,-0.950951489
MSC3,1.749701077,1.42853455,1.304910743,1.78974774,-0.19252423,1.996825352,1.830138231,0.855381613,-0.94896089
SWA2,-0.123482311,0.931018473,0.165534035,0.346957168,-0.628285806,-0.12594462,1.666613663,-0.953292739,-0.937724863
AIM36,-1.052056598,0.701041364,0.260746334,-0.339819959,0.003085128,0.183655921,-3.57626302,-0.372219731,-0.820339418
SNZ1,-1.15392367,-3.320925044,-1.360689605,-1.03018527,-2.447287282,-1.461475914,-0.439074106,-0.002873379,-0.805920101
IMA1,-0.932623919,-2.144379694,-1.399530484,-0.939927364,0.319367192,-0.019530772,-0.433201926,-0.31522406,-0.784534252
HSP26,0.009163295,4.749482217,3.516466762,0.664798203,-0.013346537,-0.056666005,-0.760950563,-0.083698775,-0.767517545
HSL1,-1.132828765,-2.994696401,-2.677630032,-0.261037372,-1.077497539,-3.921891069,-0.875016763,-0.702290688,-0.760961555
RPL21B,0.09343537,1.06014103,-0.231724617,1.561877084,0.046718455,1.215994826,0.917341639,1.255739508,-0.729353288
ARG8,-0.06551847,-1.51376248,-0.994184899,0.222690809,-0.759705151,-0.568305123,0.102023578,-0.021659801,-0.711626648
CBP6,-1.125498103,0.206303973,-0.324833221,-0.429184362,-0.425272625,-0.266187252,-2.459239062,-0.209485158,-0.709534748
YBR096W,0.398614048,0.370600658,2.632072461,-0.455358642,-0.103953348,-0.978452209,2.52444829,1.3151654,-0.652755578
ISC1,1.174908789,0.980659686,-0.537707454,1.365344327,1.548486729,0.474625795,0.29345326,0.059972989,-0.610713217
AHA1,-0.569923278,-1.487109488,-1.468058451,-1.893020387,-0.700544138,-0.600341821,-0.111297355,-1.557259781,-0.596447356
SHO1,0.629759297,0.872379073,0.658512813,0.3724739,2.484461926,0.929202701,0.679872166,0.621780245,-0.587262479
CBP3,-0.674493798,0.107160396,-0.174933043,-0.489775053,-0.291444119,0.009577308,-2.0114142,-0.310501547,-0.56359206
ARG1,-0.750503069,-2.210121456,-1.316449896,-0.669905948,-1.252890247,-0.635639352,-0.206961031,-0.1786331,-0.555080043
STM1,0.675116919,1.998918734,1.720825254,1.784885328,0.352569785,1.048383732,2.519090424,0.143115752,-0.547263178
SAM37,-0.4907857,-2.137118334,-0.060259337,-0.468517123,-0.905855603,1.222152063,-1.105232756,-0.773450725,-0.518978981
TRR2,-1.525658401,-1.395993459,-0.963012412,-1.218730434,-1.427922118,-0.757700403,-1.013721219,-0.410549237,-0.493099796
AAD16,1.353403945,-1.022336524,-0.306052527,0.706024115,1.697872593,1.920092645,1.596998425,1.766082146,-0.463696849
DUN1,0.996552073,2.039821854,1.769059671,0.806025555,0.970025322,1.132817758,0.849532609,0.125819332,-0.436959567
IDH2,-0.139024662,0.386397638,0.092236069,-0.083335283,0.049069686,0.119786281,-1.825023436,0.051655944,-0.313583117
GCV2,0.335903472,-1.698334381,-0.777615522,0.181559155,-0.876882654,-0.563413013,-0.526442349,0.246926492,-0.308720278
LYS4,0.272126317,-1.573404854,-1.212170537,-0.887543734,0.053771573,0.198977069,0.419845204,-1.138583535,-0.295638872
MTQ2,0.612699716,0.184278663,-0.577678996,0.724761272,1.694101184,-0.216725279,0.192064498,-0.113122601,-0.284541955
IDH1,-0.167958598,0.396204854,0.342825128,-0.011286273,0.083772406,0.148411784,-1.852699154,0.082404263,-0.258471586
RML2,-0.43566257,0.187946602,0.298687454,-0.402591707,0.018551313,0.045243164,1.735406932,-0.128028441,-0.253427083
IMG1,-0.598336335,0.278028703,0.599844373,-0.32185449,0.161012091,0.235668081,1.583705178,-0.046490323,-0.252878238
MRPL24,-0.451694236,0.419479042,0.673603274,-0.311945654,0.280901583,0.248751036,2.026437404,-0.227180901,-0.247048767
MRPL10,-0.610823103,0.591323491,0.631436298,-0.238309622,0.489778836,0.406934612,2.318904686,0.01558421,-0.220646437
GDE1,-0.200531846,-1.977303758,0.447777599,-1.608682374,-1.297116402,0.208259765,-1.669703875,-1.961033037,-0.189414652
MRPL9,-0.319063468,0.335421371,0.122402559,-0.401884946,0.28443606,-0.10324015,1.66248957,-0.424225408,-0.159670747
MRPL49,-0.427846135,0.642206553,0.750112811,-0.160743526,0.248537511,0.275957908,1.868216004,-0.230660318,-0.153765542
ERP1,0.484310424,0.61690111,0.043507375,0.253269905,0.517635264,0.947479133,1.684740736,0.160930147,-0.145665529
MRPS5,-0.789082327,-0.197177261,0.764055262,-0.576486605,-0.225967585,0.171030633,2.029063818,0.134773979,-0.091945242
OCA5,0.388553386,0.340644459,0.229623268,0.469881545,-0.031618025,0.233858594,1.639373839,0.57496016,-0.062276038
YHI9,-0.511342079,-2.200266646,-1.321723776,-0.548006351,-0.82740049,-0.287032797,-0.130513548,-0.027469096,0.036789244
STP22,1.582619458,0.392749029,1.342814928,1.028741881,2.539288433,2.57641199,0.105171047,-0.772815718,0.047480814
ADH5,-0.272325102,-1.854964821,-1.322149716,-0.159140919,-0.814282724,-0.037744308,-1.180768891,0.146080161,0.048916638
BUD3,1.625550938,0.506701305,0.847284418,1.382690548,0.948630393,0.770253744,0.369586655,0.609557826,0.058309748
COX4,-1.189454369,0.036526893,0.636903299,-1.043352897,-0.769645441,-0.389899921,1.811757477,-0.243909038,0.073117889
MRPS35,-0.529771809,0.298236233,0.459610942,-0.431043217,0.284721135,0.365206989,1.521756145,-0.165783277,0.081617654
MRPL23,0.063157763,2.136499966,1.187442371,0.217585008,1.695076275,0.757969334,2.3448367,-0.155824024,0.094587504
ATP11,-0.60787921,-0.203707025,-0.376081663,-0.539709786,0.026067832,0.15004493,-1.64106185,-0.077732679,0.098903406
SDT1,-0.181154833,-1.639746968,-1.331138886,-0.486151266,-0.257455261,-0.208048711,-0.09356032,-0.258245242,0.115262608
MRP21,-0.897282744,-0.155158434,0.630806627,-0.496490743,-0.095730771,0.195238886,2.597200516,0.037356451,0.123158248
VAR1,-0.396904346,0.212494506,0.448493798,-0.327192932,0.136149596,0.313480642,3.276477594,-0.220904326,0.129828415
PKH1,-0.259885421,-1.757098646,-0.228896611,0.90417805,-0.026076922,-2.775671133,0.335756855,-0.400038441,0.166013449
CDC16,-1.307482841,-1.226446412,-2.031232098,-2.090341207,-1.167295155,-1.193297466,-1.643154417,-1.569402737,0.174161457
MRPL22,0.019379511,1.526644141,1.164875051,0.584857494,1.458771423,1.064353461,2.833337209,0.472577395,0.210231236
DPB4,1.229170177,1.643762259,0.677037729,0.540297074,0.02886515,-0.079956722,0.150197304,0.069499305,0.211399949
EXO84,1.435184285,0.395098973,0.025391598,1.707334274,-0.322698973,1.108423856,1.26190391,0.440379677,0.276903229
CPS1,-0.656680597,-1.517068252,-1.203964284,-0.593369085,-0.560175473,-0.490443739,-0.740847643,-0.092013964,0.297948374
TPK3,2.141497513,2.038477751,1.321208257,1.387153419,1.914349239,1.504060392,0.697470444,0.440726606,0.33050451
DLD1,-0.815172056,-0.645831909,-0.202032739,-0.222235676,-0.355462367,0.106954153,-2.297967784,-0.026707689,0.36581142
NMA111,-0.613943762,-0.072236104,-2.700404677,0.115375287,0.192430807,-1.905982741,0.13904249,-0.026776845,0.398257961
DAL3,-0.979479516,-3.481540437,-3.075271307,-0.939906708,-1.302838713,-1.149098439,-1.104981077,-0.575756287,0.419580279
YDR222W,0.121141781,-1.295617335,-1.231662033,-1.348465086,-1.160850805,-1.184742429,0.434121579,-1.51555321,0.495073042
YLR455W,0.146838854,0.622551048,1.008402197,0.871691305,0.105171743,0.736591037,2.899015127,0.978001028,0.511687953
GAP1,-0.76791711,-2.347135263,-2.709615202,-1.258142636,-0.580555597,-0.887109149,-0.714664484,-0.934663223,0.54574629
DAL7,-0.772886992,-4.226071143,-3.20044187,-0.558701266,-0.847511995,-0.387759518,-0.50490441,0.386819598,0.549966711
SER3,-1.415007197,-2.097642144,-1.310114405,-1.204482354,-1.146735865,-0.636621286,-1.191059482,-0.212260384,0.608588017
YCR102C,-0.243366757,-1.877725624,-1.227289852,-0.459466151,0.500518245,0.151970306,1.6205785,-0.50052428,0.666915447
ARO10,0.541457036,1.058831795,1.565364898,0.654524101,0.475457642,0.701514104,1.347989458,0.524939231,0.729966633
MEC3,1.07509567,2.021135815,1.311698788,2.084255742,0.882445662,1.745883647,1.914887622,0.572863623,0.791791212
RPF1,-0.482238263,0.096388489,-0.749714777,2.333879735,0.101539528,-0.01077152,-0.86374688,-0.646278363,0.828274403
ATP25,-0.259958054,0.625803222,0.439990905,0.644705541,0.671177286,1.83274815,0.489113292,0.096678378,0.963147057
PEX5,2.507013224,2.608393537,1.788165816,2.800332428,1.186169016,3.539574188,2.235557131,2.998253453,0.997624393
YHR097C,0.577544707,1.14195772,2.106738944,3.29849072,2.123642686,2.354842205,1.720882237,1.322577091,1.057621265
ANR2,0.123182353,1.563934416,0.379025826,-0.438297361,2.517339264,0.151445054,0.271425141,-0.443388813,1.109170531
YBR208C,-0.446505326,-2.408796168,-1.990513461,-0.632357225,-0.180406291,-0.070317721,-0.773433694,-0.317796994,1.146450342
BIM1,1.756573048,1.087023488,-0.523506344,1.193547866,0.635876321,0.980903718,1.046698048,-0.261186319,1.184255552
RNT1,0.561207315,1.875296203,1.563527955,0.382145601,0.215017912,0.192427988,1.10229694,-0.216299611,1.200647826
IMD2,1.774251396,1.663239582,0.282360839,1.406521889,0.739652129,1.085074555,1.356311114,0.116821858,1.286621402
RAD2,0.959215404,1.124785699,2.04092693,1.630506826,0.233669276,0.441130172,1.488924196,1.230373776,1.384806423
SWD2,0.425149351,1.81982834,1.329843559,0.433225153,0.727029091,0.834251088,2.186642492,-1.071123701,1.474524649
NCS6,1.014490749,2.016354274,0.687576005,0.806165452,0.354864619,0.353781472,1.200129212,0.353212443,1.485757022
UTP18,0.037830725,-0.064750088,0.250381493,1.427231924,0.680728916,0.342754099,0.184253725,0.232340279,1.50238524
HCA4,0.916969904,0.810862783,0.799778547,0.292905566,0.432028769,0.235582226,0.839184573,0.040144793,1.50637364
RPA190,0.407593115,0.80387985,1.019584447,0.559036207,0.665609867,0.297600428,0.539288063,0.372730102,1.518596286
NMD5,0.704139158,0.810754256,0.465075007,0.758937238,0.06864943,0.087306729,0.30009056,0.102428721,1.520180649
YBL005W-A,-0.477470917,0.680798813,0.390032711,-0.215799174,-0.305699277,-0.442781123,0.178217313,-0.035452767,1.523576566
YMR046C,-0.477470917,0.680798813,0.390032711,-0.215799174,-0.305699277,-0.442781123,0.178217313,-0.035452767,1.523576566
MXR1,0.013376338,-0.388271058,0.12165398,-0.301575412,0.551592777,0.523266668,0.297688558,-0.248006292,1.525028006
DLD3,0.057793417,-0.346108703,-0.205609289,0.155507219,0.108975454,0.031611855,-0.133618218,-0.015735629,1.534266705
RPL33A,0.521205198,1.6831099,1.214454849,1.137051587,0.301690357,0.56704488,0.934721599,0.235022899,1.541611073
DPB2,0.337772653,0.674512638,0.554061288,0.063051564,0.784724641,0.200700074,0.627534959,0.004028017,1.5578384
RMT2,0.657854798,0.701639214,0.853626448,0.51427217,0.507493182,0.412275766,0.65568066,0.155816892,1.593218061
NRP1,0.213001423,0.339292074,-0.021555765,-0.036370716,0.352844301,0.218040047,1.347645585,0.565321127,1.593676639
TAF9,-0.117046985,-0.088968702,-1.026819001,0.125265879,-0.722550315,-0.283699929,-0.142404453,-0.23734339,1.618430035
ENA1,0.46068424,1.845008348,-0.033269907,0.531622974,0.766861957,0.939159015,1.511990043,0.598791258,1.652957979
ENA2,0.46068424,1.845008348,-0.033269907,0.531622974,0.766861957,0.939159015,1.511990043,0.598791258,1.652957979
ENA5,0.46068424,1.845008348,-0.033269907,0.531622974,0.766861957,0.939159015,1.511990043,0.598791258,1.652957979
VTC2,0.288093942,0.112482128,0.154370478,0.200399505,0.433059917,0.255587521,0.675572162,0.085222993,1.659084206
NOP19,0.401255732,0.741673456,0.730932252,0.328578956,-0.084097103,-0.094476794,0.386589492,0.034533135,1.680870841
PAD1,0.267928671,0.109716475,-0.300019816,-0.172263559,-0.295621015,-0.400652713,0.611938354,-0.074265776,1.685361571
SUA7,0.02410316,-0.652353667,0.128835044,-0.099214271,-0.141889254,-0.204268676,0.713512908,0.035346175,1.687807962
TDH1,-0.111309329,0.74909227,0.327655749,0.33869201,-0.206373205,-0.093126399,-1.293595792,-0.181907065,1.690124442
MET5,-0.346494244,-1.702487306,-1.290581158,-0.731131555,0.155616682,0.360127871,0.651027621,-0.46644533,1.690638218
NSR1,0.39117675,0.636340863,0.859777158,0.342784192,0.196364239,-0.113613687,0.752249492,0.187315632,1.698932622
AIM46,0.348393841,-0.237354218,-0.618506402,0.080404681,0.354191006,-0.062552964,0.642054952,-0.186725578,1.740075421
ADH4,0.530188171,-1.773961401,-1.244017656,0.627700869,-0.086954894,0.100921903,-0.111996657,-0.815025075,1.785045707
SRO9,0.679203239,0.56214213,0.522689415,0.559532607,-0.048788238,-0.389134817,0.973897066,0.171627106,1.875206331
SEN1,1.315601509,0.704814079,-0.765117015,0.259186087,0.311156171,-0.13939779,-0.058636664,1.148463192,1.955858907
HOC1,1.350759638,0.551867187,0.872091259,0.556417158,1.043852661,0.358056875,1.428363008,0.37751684,1.967242453
GRX4,0.054647564,1.596817063,1.022976153,0.354575344,0.182673048,-0.244512542,0.022015642,0.22239996,2.00904563
HXT2,0.227886765,0.772799357,0.633359681,0.141456514,0.678258941,0.515059393,1.054263786,-0.039254785,2.009577386
HOT13,0.339594363,-0.499072003,-0.21756094,0.403728078,0.456423283,0.088096695,-0.46149431,0.211751272,2.050184729
MED1,0.37281205,0.902143604,-1.363000702,1.366107431,1.745559617,0.742150103,1.906657361,0.721272542,2.063222639
MET3,-0.357596901,-1.92123376,-1.708490042,-0.947683601,0.534383089,0.405844982,0.71201282,-0.804553533,2.09615427
AAH1,0.499312737,0.786584197,0.770697934,0.363058774,0.553829544,0.091649557,0.959673109,0.017090513,2.114621752
FRE1,0.770781409,1.628677902,1.206192651,0.632014298,0.31593442,0.4161179,1.277219868,0.648546817,2.12781297
SML1,-0.776373148,0.241049505,0.660002864,-0.507826477,-0.222854112,0.045078447,1.051825597,0.011622669,2.162585675
TOP1,1.914626756,1.899154509,2.363847714,1.805094189,1.26044925,1.363584221,0.404952487,1.811983039,2.175441735
DAL81,0.837962088,1.717009275,1.857716906,1.413813082,1.794048217,1.305525825,2.531228635,1.94619833,2.220446585
APS1,0.710052512,0.409629962,0.490756102,2.822737116,3.024655941,3.159736155,2.860254735,1.39839592,2.294331931
SDS22,1.054231814,-0.081025181,0.66543206,1.186009552,0.526754244,0.349672975,-0.057713632,0.286652681,2.31062558
VTC4,0.500463587,0.510201459,0.430295398,0.446864259,0.76199595,0.449157326,0.674241705,0.234140839,2.3969403
MET14,-0.032143688,-1.444382119,-1.385012284,-0.686964309,0.692476828,0.539867747,0.690558321,-0.561151646,2.410744553
OYE3,0.721377827,1.058230723,0.893099691,0.416616551,0.865995977,0.35222845,-0.064713192,-0.499368089,2.439044276
MHT1,-0.085088662,-0.522714989,0.709880918,0.845721124,0.85795256,0.813541845,-0.103354174,-0.228555396,2.444148271
MAK5,0.667660991,0.816369288,1.018879978,0.089815471,0.463230189,0.228322163,1.860001588,0.183692773,2.466448286
RPS29B,0.196860523,0.578295306,0.267187286,0.362805122,0.194750823,0.003004857,0.239528574,0.111945742,2.472650272
PHO5,-0.645739318,-1.291160237,-0.013428843,-0.195423558,1.235525207,1.35908267,0.491556709,0.76162366,2.475119326
DHR2,0.872186776,2.039832619,1.340817644,1.003782552,0.361497722,0.081510741,0.856265954,0.315688015,2.53068507
BUD27,-0.236143765,0.694848628,0.642524714,0.773893035,0.507626716,-0.104984926,0.33805409,0.967385248,2.532293486
MSH1,0.701369064,0.965077792,0.913231469,0.833822724,0.810269728,0.676837277,0.798977785,0.430071203,2.713673586
PUS9,0.66504224,0.319018779,0.831090485,0.591155973,0.248493039,0.514682453,0.422600822,0.542130253,2.735088729
RPC19,2.396362165,1.515602596,1.361927682,2.476780756,2.522249031,1.746283624,2.142156706,3.409803023,2.803947438
MTF2,1.095640488,1.198097412,-0.331327804,-0.33999754,1.342636645,0.04414266,0.275034837,1.997186712,2.963962487
RPL8A,0.11143137,0.496971254,0.23158542,0.095923077,0.271923797,-0.06950506,0.076098039,-0.105573177,3.129576819
DIP5,-1.53642459,0.253295157,0.334343773,-0.512628957,1.642511564,1.590631545,0.574185308,2.226150485,3.312594388
TOD6,1.911401213,1.954671801,1.869173699,0.696825958,0.696889853,-0.146563007,1.171885873,-0.12120965,3.366007496
UBC4,0.816383587,2.130467301,2.59533702,2.800538473,2.169721378,3.650994392,3.110054108,3.299689667,3.50544665
VTC3,0.679289667,0.676398019,0.620591332,0.660263242,0.996878347,0.681552533,0.736847856,0.341430923,3.918452836
SAM4,0.041147428,2.072545466,2.18486713,-0.133667356,-0.134249852,-0.160175303,0.483374046,-0.099713599,4.23177378
MCK1,0.359607278,4.491376032,4.793190625,0.297691575,0.517829878,0.431874578,-0.11087822,0.190339985,4.329979328
BUL1,-0.111309473,1.697049914,2.158991488,-0.320065573,-0.331143175,-0.1326829,0.443929377,-0.054158981,4.438370267
SPE1,0.028947003,-1.405995961,-0.774153958,0.408125844,-0.48143715,-0.435639612,1.510090132,-0.303775129,4.771218354
PHO84,0.545236207,0.783659982,0.699414008,0.356862955,0.687830144,0.491549682,0.423153693,0.176141217,4.908487296
PHO11,0.78596562,1.192922156,1.106788701,1.155276858,1.931970087,1.33399554,0.917814317,1.02196591,5.890991691
PHO12,0.78596562,1.192922156,1.106788701,1.155276858,1.931970087,1.33399554,0.917814317,1.02196591,5.890991691
